Temperature,Humidity,Windspeed,GeneralDiffuseFlows,DiffuseFlows
0.09968745,2.8976915,0.09968745,2.8976915,7.14765
0.099860765,2.8972383,0.099860765,2.8972383,7.148431
0.09969474,2.8982842,0.09969474,2.8982842,7.1479845
0.09971046,2.8981936,0.09971046,2.8981936,7.148096
0.099835075,2.8985631,0.099835075,2.8985631,7.148403
0.0999478,2.8991768,0.0999478,2.8991768,7.147817
